idx,acc,lr,batch_size,hl_acts,hl_sizes,decay,bNorm,dropout,reg
0,0.3748393,0.03984337458858633,107,ReLU,426-90,0.001,True,False,None
1,0.26191285,0.03329421735485784,210,PReLU,67-171-157,0.001,False,False,None
2,0.23094206,0.03332129772200087,187,ELU,207,0.001,False,True,None
3,0.38302985,0.00868851604199114,236,ELU,154,0.001,True,False,keras.regularizers.L1L2
4,0.42428416,0.0038728040620510332,255,selu,238-38,0.001,False,True,None
5,0.23092487,0.03295451561251801,165,ELU,475-248,0.001,False,True,keras.regularizers.L1L2
6,0.35647184,0.025054068789895318,128,ReLU,479-488,0.001,False,True,keras.regularizers.L1L2
7,0.37806237,0.0049184377940774465,143,LeakyReLU,83,0.001,True,False,None
8,0.38676515,0.027260362665806982,52,ELU,333,0.001,True,False,None
9,0.3781883,0.017215140202373386,149,ReLU,480,0.001,True,False,None
10,0.36315235,0.013367412254481431,76,LeakyReLU,469-56,0.001,True,False,keras.regularizers.L1L2
11,0.22113559,0.022950029799699147,103,ELU,428-352,0.001,False,False,keras.regularizers.L1L2
12,0.36632025,0.012546239321547714,60,ReLU,258-86,0.001,False,True,keras.regularizers.L1L2
13,0.3959046,0.018138962890368315,112,PReLU,453,0.001,True,False,None
14,0.22844148,0.03356346086653216,96,selu,54-426,0.001,False,True,None
15,0.17653419,0.044079066590934815,65,LeakyReLU,183-379-63,0.001,False,False,None
16,0.4322788,0.009954790933686576,89,ELU,288-282,0.001,False,True,None
17,0.37079662,0.029114922522599115,75,LeakyReLU,25-447-123,0.001,True,False,keras.regularizers.L1L2
18,0.42587662,0.014080594052496915,208,ELU,51-480,0.001,False,True,keras.regularizers.L1L2
19,0.38035205,0.007371991255946459,55,LeakyReLU,355-143,0.001,True,False,None
20,0.3651545,0.015281301992280883,190,ReLU,188-415,0.001,True,False,keras.regularizers.L1L2
21,0.36856848,0.020117891142580197,156,selu,457-150-330,0.001,True,False,keras.regularizers.L1L2
22,0.14630786,0.04920707738277939,137,LeakyReLU,228,0.001,False,False,None
23,0.3700419,0.01340034375096636,36,selu,132-101-372,0.001,True,False,keras.regularizers.L1L2
24,0.3673417,0.024813215426775843,92,ReLU,462-437,0.001,True,False,keras.regularizers.L1L2
