idx,acc,lr,batch_size,hl_acts,hl_sizes,decay,bNorm,dropout,reg
0,0.38636988,0.038554865292411325,20,selu,50-318-199,0.005241906505199363,True,False,None
1,0.22299787,0.04821229849449449,203,LeakyReLU,419-430-122,0.0011377452163135605,False,True,keras.regularizers.L1L2
