idx,acc,lr,batch_size,hl_acts,hl_sizes,decay,bNorm,dropout,reg
275,0.37512493,0.044347957208795974,168,LeakyReLU,251-193,0.001,True,False,None
276,0.42782795,0.012933031909114379,175,PReLU,320,0.001,False,True,keras.regularizers.L1L2
277,0.42566982,0.015098601029827526,98,selu,60-131,0.001,False,True,keras.regularizers.L1L2
278,0.37828514,0.005750696684400492,200,LeakyReLU,150-263-207,0.001,True,False,None
279,0.18388987,0.032729766075248364,93,PReLU,118-415-487,0.001,False,True,None
280,0.3650403,0.004191144487516824,197,PReLU,101-461-56,0.001,True,False,keras.regularizers.L1L2
281,0.22795585,0.048301312469984294,40,ELU,431-155-66,0.001,False,True,keras.regularizers.L1L2
282,0.37217522,0.03440955213426963,221,ELU,49,0.001,True,False,None
283,0.376897,0.045282575116342115,84,ReLU,269-110-440,0.001,True,False,keras.regularizers.L1L2
284,0.41876662,0.005346197790513269,92,PReLU,354-226-288,0.001,False,True,None
285,0.38368666,0.03687811269119969,51,ELU,203-358,0.001,True,False,None
286,0.059193507,0.021142357945114557,57,LeakyReLU,371-441,0.001,False,True,None
287,0.37353045,0.025513507285897786,239,ELU,127-178-486,0.001,True,False,None
288,0.24431077,0.03347945884518661,119,LeakyReLU,479,0.001,False,True,keras.regularizers.L1L2
289,0.3734074,0.004555805732871981,167,PReLU,70-95-258,0.001,True,False,None
290,0.18388987,0.02473588871529683,46,LeakyReLU,351-262-206,0.001,False,True,None
291,0.39001983,0.031496967016438164,76,ELU,431-367,0.001,True,False,None
292,0.43372104,0.023441212114180727,225,selu,61,0.001,False,True,keras.regularizers.L1L2
293,0.3947819,0.01201689096344874,149,PReLU,396-56-44,0.001,False,False,keras.regularizers.L1L2
294,0.39174703,0.01688374936142711,40,ReLU,333-495,0.001,True,False,None
295,0.37631243,0.04538007019926647,80,ReLU,299,0.001,True,False,keras.regularizers.L1L2
296,0.4257743,0.02233159060594224,31,ELU,76,0.001,False,True,keras.regularizers.L1L2
297,0.3869714,0.03956938861668014,136,PReLU,471,0.001,True,False,None
298,0.37324703,0.04451620728515314,47,selu,366-197-332,0.001,True,False,keras.regularizers.L1L2
299,0.27999324,0.03929079532569519,146,ELU,301-34-234,0.001,False,True,keras.regularizers.L1L2
